<?xml version="1.0" encoding="UTF-8"?>
<!DOCTYPE suite SYSTEM "http://testng.org/testng-1.0.dtd">
<suite name="Suite">

<listeners>
<listener class-name="com.qa.ExtendReportListner.ExtendReportListner"/>
</listeners>


  <test thread-count="5" name="Test">
    <classes>
    <class name="com.qa.testcases.Polaris_Home_Test"/>
    <class name="com.qa.testcases.Polaris_Create_Industrial_Mean_Test"/>
    

        <!--<class name="com.qa.testcases.Polaris_Delete_Industrial_Mean_Test"/>  -->  
        <!--  <class name="com.qa.testcases.Polaris_Language_SGR_Test"/>-->
        <!-- <class name="com.qa.testcases.Polaris_Create_Potential_Client_Test"/>-->
    </classes>
  </test> <!-- Test -->
</suite> <!-- Suite -->
